{
  "sampled_per_tissue": {
    "Background": {
      "Asc": 0.0,
      "Asp": 0.0,
      "Cr": 0.0,
      "GABA": 0.0,
      "Glc": 0.0,
      "Gln": 0.0,
      "Glu": 0.0,
      "Gly": 0.0,
      "GPC": 0.0,
      "GSH": 0.0,
      "Lac": 0.0,
      "mI": 0.0,
      "NAA": 0.0,
      "NAAG": 0.0,
      "PCh": 0.0,
      "PCr": 0.0,
      "PE": 0.0,
      "sI": 0.0,
      "Tau": 0.0
    },
    "WM": {
      "Asc": 0.0,
      "Asp": 2.3200616237176432,
      "Cr": 5.44061764119866,
      "GABA": 1.138435971925716,
      "Glc": 0.0,
      "Gln": 2.4061230100434914,
      "Glu": 7.904987696197991,
      "Gly": 0.0,
      "GPC": 1.0779468423452425,
      "GSH": 1.0247280206395863,
      "Lac": 0.0,
      "mI": 6.059206575388513,
      "NAA": 9.518368104851307,
      "NAAG": 2.180407561505676,
      "PCh": 0.6789212228132544,
      "PCr": 2.13138887253547,
      "PE": 0.0,
      "sI": 0.561322342953016,
      "Tau": 1.6472784704206174
    },
    "GM": {
      "Asc": 1.2929445810508489,
      "Asp": 3.294938339152667,
      "Cr": 5.034823355318723,
      "GABA": 1.9038686987646098,
      "Glc": 0.0,
      "Gln": 2.7204261591640067,
      "Glu": 7.872547840316903,
      "Gly": 5.580308102742993,
      "GPC": 0.6925481036933882,
      "GSH": 1.498179718460457,
      "Lac": -0.09372335124120412,
      "mI": 4.771045140882234,
      "NAA": 7.522307143365751,
      "NAAG": 0.881237643379522,
      "PCh": 0.6246425006313162,
      "PCr": 2.7353174387219656,
      "PE": 1.9329851198830288,
      "sI": 0.6881915883713223,
      "Tau": 1.6257251815155715
    },
    "CSF": {
      "Asc": 0.0,
      "Asp": 0.0,
      "Cr": 0.0,
      "GABA": 0.0,
      "Glc": 0.0,
      "Gln": 0.0,
      "Glu": 0.0,
      "Gly": 0.0,
      "GPC": 0.0,
      "GSH": 0.0,
      "Lac": 0.1,
      "mI": 0.0,
      "NAA": 0.0,
      "NAAG": 0.0,
      "PCh": 0.0,
      "PCr": 0.0,
      "PE": 0.0,
      "sI": 0.0,
      "Tau": 0.0
    },
    "Fat": {},
    "Skull": {}
  },
  "voxel_weighted": {
    "Asc": 0.7118665309064878,
    "Asp": 2.584792707495844,
    "Cr": 4.579314097183293,
    "GABA": 1.4263909059658884,
    "Glc": 0.0,
    "Gln": 2.2970667594363556,
    "Glu": 6.960311080631087,
    "Gly": 3.072393533882479,
    "GPC": 0.739371581138089,
    "GSH": 1.1652563202992932,
    "Lac": -0.03987754828321359,
    "mI": 4.639565182662239,
    "NAA": 7.303405477712926,
    "NAAG": 1.2094728082541164,
    "PCh": 0.569436818671075,
    "PCr": 2.214004988684308,
    "PE": 1.0642586169212436,
    "sI": 0.5653617972471549,
    "Tau": 1.4422774469521369
  },
  "tissue_fractions": {
    "Background": 0.0,
    "WM": 0.3321777880191803,
    "GM": 0.5505777597427368,
    "CSF": 0.11724444478750229,
    "Fat": 0.0,
    "Skull": 0.0
  }
}