{
  "sampled_per_tissue": {
    "Background": {
      "Asc": 0.0,
      "Asp": 0.0,
      "Cr": 0.0,
      "GABA": 0.0,
      "Glc": 0.0,
      "Gln": 0.0,
      "Glu": 0.0,
      "Gly": 0.0,
      "GPC": 0.0,
      "GSH": 0.0,
      "Lac": 0.0,
      "mI": 0.0,
      "NAA": 0.0,
      "NAAG": 0.0,
      "PCh": 0.0,
      "PCr": 0.0,
      "PE": 0.0,
      "sI": 0.0,
      "Tau": 0.0
    },
    "WM": {
      "Asc": 0.0,
      "Asp": 2.0979579379995377,
      "Cr": 4.963153137331049,
      "GABA": 1.1741129738740324,
      "Glc": 0.0,
      "Gln": 2.15545576847422,
      "Glu": 7.626363945140372,
      "Gly": 0.0,
      "GPC": 1.0555706159287368,
      "GSH": 1.1661438415154035,
      "Lac": 0.0,
      "mI": 5.42854074393454,
      "NAA": 9.036839608565188,
      "NAAG": 2.7985545119379287,
      "PCh": 0.5109651803942732,
      "PCr": 2.0516814195675845,
      "PE": 0.0,
      "sI": 0.4987219879499436,
      "Tau": 1.8413876370672144
    },
    "GM": {
      "Asc": 1.5309959167107952,
      "Asp": 3.0316520093345196,
      "Cr": 5.576554343845828,
      "GABA": 1.8985512601350267,
      "Glc": 0.0,
      "Gln": 2.751387487603089,
      "Glu": 8.369123854942234,
      "Gly": 7.008506233148852,
      "GPC": 0.8112549617222107,
      "GSH": 1.2988675855888268,
      "Lac": 0.9388400352732124,
      "mI": 5.311535631096037,
      "NAA": 8.501582922950892,
      "NAAG": 0.8753924387926081,
      "PCh": 0.6133706310204102,
      "PCr": 2.5687803871860124,
      "PE": 2.23494607221516,
      "sI": 0.39182303742094904,
      "Tau": 1.7581809190110644
    },
    "CSF": {
      "Asc": 0.0,
      "Asp": 0.0,
      "Cr": 0.0,
      "GABA": 0.0,
      "Glc": 0.0,
      "Gln": 0.0,
      "Glu": 0.0,
      "Gly": 0.0,
      "GPC": 0.0,
      "GSH": 0.0,
      "Lac": 0.1,
      "mI": 0.0,
      "NAA": 0.0,
      "NAAG": 0.0,
      "PCh": 0.0,
      "PCr": 0.0,
      "PE": 0.0,
      "sI": 0.0,
      "Tau": 0.0
    },
    "Fat": {},
    "Skull": {}
  },
  "voxel_weighted": {
    "Asc": 0.8429323019979073,
    "Asp": 2.3660551988209333,
    "Cr": 4.718976028477346,
    "GABA": 1.4353143501079908,
    "Glc": 0.0,
    "Gln": 2.2308472884536545,
    "Glu": 7.141162168989551,
    "Gly": 3.858727660990102,
    "GPC": 0.797296051702446,
    "GSH": 1.10249468726273,
    "Lac": 0.5286288878562675,
    "mI": 4.72765404505475,
    "NAA": 7.682619871842709,
    "NAAG": 1.4115892552728029,
    "PCh": 0.5074395112973974,
    "PCr": 2.0958363465199668,
    "PE": 1.2305116015860518,
    "sI": 0.38139341695256124,
    "Tau": 1.5796833837783906
  },
  "tissue_fractions": {
    "Background": 0.0,
    "WM": 0.3321777880191803,
    "GM": 0.5505777597427368,
    "CSF": 0.11724444478750229,
    "Fat": 0.0,
    "Skull": 0.0
  }
}