{
  "sampled_per_tissue": {
    "Background": {
      "Asc": 0.0,
      "Asp": 0.0,
      "Cr": 0.0,
      "GABA": 0.0,
      "Glc": 0.0,
      "Gln": 0.0,
      "Glu": 0.0,
      "Gly": 0.0,
      "GPC": 0.0,
      "GSH": 0.0,
      "Lac": 0.0,
      "mI": 0.0,
      "NAA": 0.0,
      "NAAG": 0.0,
      "PCh": 0.0,
      "PCr": 0.0,
      "PE": 0.0,
      "sI": 0.0,
      "Tau": 0.0
    },
    "WM": {
      "Asc": 0.0,
      "Asp": 1.762242382650037,
      "Cr": 5.102518266952326,
      "GABA": 1.2335033255087882,
      "Glc": 0.0,
      "Gln": 2.3161653756813885,
      "Glu": 8.381223092933864,
      "Gly": 0.0,
      "GPC": 0.9582189943841971,
      "GSH": 1.1786748019259354,
      "Lac": 0.0,
      "mI": 5.660589076065137,
      "NAA": 8.758064855547874,
      "NAAG": 2.1896495092794916,
      "PCh": 0.5924480846581915,
      "PCr": 2.334854219925861,
      "PE": 0.0,
      "sI": 0.38794761437838704,
      "Tau": 1.448369701912519
    },
    "GM": {
      "Asc": 1.2454946649580891,
      "Asp": 2.669324202423774,
      "Cr": 5.236485780863066,
      "GABA": 1.8474854709404047,
      "Glc": 0.0,
      "Gln": 2.420261637606244,
      "Glu": 8.25083068549974,
      "Gly": 7.392389164898608,
      "GPC": 0.728496769430822,
      "GSH": 1.4476764943392895,
      "Lac": 1.1676649282776088,
      "mI": 5.049652710230162,
      "NAA": 8.792900041799019,
      "NAAG": 0.9008364154843473,
      "PCh": 0.627373781851448,
      "PCr": 2.3466648042438325,
      "PE": 1.883843688592196,
      "sI": 0.5295843347998255,
      "Tau": 1.8470247485185485
    },
    "CSF": {
      "Asc": 0.0,
      "Asp": 0.0,
      "Cr": 0.0,
      "GABA": 0.0,
      "Glc": 0.0,
      "Gln": 0.0,
      "Glu": 0.0,
      "Gly": 0.0,
      "GPC": 0.0,
      "GSH": 0.0,
      "Lac": 0.1,
      "mI": 0.0,
      "NAA": 0.0,
      "NAAG": 0.0,
      "PCh": 0.0,
      "PCr": 0.0,
      "PE": 0.0,
      "sI": 0.0,
      "Tau": 0.0
    },
    "Fat": {},
    "Skull": {}
  },
  "voxel_weighted": {
    "Asc": 0.6857416624041552,
    "Asp": 2.0550483160198887,
    "Cr": 4.578035841395968,
    "GABA": 1.4269268179294354,
    "Glc": 0.0,
    "Gln": 2.1019209216049908,
    "Glu": 7.32678002274512,
    "Gly": 4.0700850655563565,
    "GPC": 0.7193931852855491,
    "GSH": 1.1885880695832474,
    "Lac": 0.6546147848199996,
    "mI": 4.660548434850215,
    "NAA": 7.750409817699936,
    "NAAG": 1.2233334260617943,
    "PCh": 0.5422161456110568,
    "PCr": 2.0676081609099186,
    "PE": 1.0372024377705853,
    "sI": 0.42044493706046593,
    "Tau": 1.4980469920440342
  },
  "tissue_fractions": {
    "Background": 0.0,
    "WM": 0.3321777880191803,
    "GM": 0.5505777597427368,
    "CSF": 0.11724444478750229,
    "Fat": 0.0,
    "Skull": 0.0
  }
}