{
  "sampled_per_tissue": {
    "Background": {
      "Asc": 0.0,
      "Asp": 0.0,
      "Cr": 0.0,
      "GABA": 0.0,
      "Glc": 0.0,
      "Gln": 0.0,
      "Glu": 0.0,
      "Gly": 0.0,
      "GPC": 0.0,
      "GSH": 0.0,
      "Lac": 0.0,
      "mI": 0.0,
      "NAA": 0.0,
      "NAAG": 0.0,
      "PCh": 0.0,
      "PCr": 0.0,
      "PE": 0.0,
      "sI": 0.0,
      "Tau": 0.0
    },
    "WM": {
      "Asc": 0.0,
      "Asp": 2.424381774493912,
      "Cr": 5.0751490211259895,
      "GABA": 1.1304247504640224,
      "Glc": 0.0,
      "Gln": 2.3353998080456138,
      "Glu": 7.825216399748804,
      "Gly": 0.0,
      "GPC": 1.0109238257042434,
      "GSH": 1.0900849605126517,
      "Lac": 0.0,
      "mI": 5.923175964865223,
      "NAA": 10.30057741290852,
      "NAAG": 2.1082574031817676,
      "PCh": 0.5104278600204073,
      "PCr": 2.0174920017201954,
      "PE": 0.0,
      "sI": 0.584475625998433,
      "Tau": 2.1061755652534986
    },
    "GM": {
      "Asc": 1.2847551733898195,
      "Asp": 1.5760954892884396,
      "Cr": 5.1194889839222775,
      "GABA": 1.9350253205880137,
      "Glc": 0.0,
      "Gln": 2.4362933589131064,
      "Glu": 6.717242715019585,
      "Gly": 6.615895020340655,
      "GPC": 0.6922067981646561,
      "GSH": 1.296256153415442,
      "Lac": 2.20300666634203,
      "mI": 5.423084065503416,
      "NAA": 8.160628502753996,
      "NAAG": 0.8550882433934387,
      "PCh": 0.6305713232564957,
      "PCr": 2.376699031906653,
      "PE": 2.0088990449496658,
      "sI": 0.2178671831992295,
      "Tau": 1.7752193415282111
    },
    "CSF": {
      "Asc": 0.0,
      "Asp": 0.0,
      "Cr": 0.0,
      "GABA": 0.0,
      "Glc": 0.0,
      "Gln": 0.0,
      "Glu": 0.0,
      "Gly": 0.0,
      "GPC": 0.0,
      "GSH": 0.0,
      "Lac": 0.1,
      "mI": 0.0,
      "NAA": 0.0,
      "NAAG": 0.0,
      "PCh": 0.0,
      "PCr": 0.0,
      "PE": 0.0,
      "sI": 0.0,
      "Tau": 0.0
    },
    "Fat": {},
    "Skull": {}
  },
  "voxel_weighted": {
    "Asc": 0.7073576251828582,
    "Asp": 1.6730888987984645,
    "Cr": 4.504528551500886,
    "GABA": 1.4408838991860926,
    "Glc": 0.0,
    "Gln": 2.117136882003496,
    "Glu": 6.297727520123674,
    "Gly": 3.6425646589922858,
    "GPC": 0.7169201084905121,
    "GSH": 1.0757918199362795,
    "Lac": 1.22465091953166,
    "mI": 4.953376965738708,
    "NAA": 7.914683579479302,
    "NAAG": 1.1711088501938922,
    "PCh": 0.5167313440015172,
    "PCr": 1.9787236590476993,
    "PE": 1.1060551357177104,
    "sI": 0.3141026462425774,
    "Tau": 1.6770210285565328
  },
  "tissue_fractions": {
    "Background": 0.0,
    "WM": 0.3321777880191803,
    "GM": 0.5505777597427368,
    "CSF": 0.11724444478750229,
    "Fat": 0.0,
    "Skull": 0.0
  }
}